{
  "phase": "4",
  "demonstration_type": "comprehensive",
  "timestamp": 1752438953.5901644,
  "synthesis_results": [
    {
      "test_case": "Conceptual Embedding",
      "result_shape": [
        512
      ],
      "execution_time": 0.001905679702758789,
      "result_sample": [
        -0.033541474414366904,
        -1.262541779828208,
        -0.7195938955186725,
        1.1453691892033486,
        0.013680457600612057
      ]
    },
    {
      "test_case": "Logical Inference",
      "result_shape": [
        128
      ],
      "execution_time": 0.00020265579223632812,
      "result_sample": [
        -0.04519837023369202,
        -0.017191412698871554,
        0.19123674028881152,
        -0.06286528699048548,
        -0.013451640733770859
      ]
    },
    {
      "test_case": "Attention Allocation",
      "result_shape": [
        1,
        256
      ],
      "execution_time": 0.0007982254028320312,
      "result_sample": [
        [
          -0.003547617096889666,
          1.5522514943149106,
          -0.16295279091825687,
          -1.8824288781030112,
          -1.5784488371389551,
          1.882377744152497,
          1.6465986352161164,
          -2.8142762651104842,
          -1.1640925514553284,
          2.6436991179160816,
          1.0492862013579995,
          1.7747588728160113,
          -1.2383832764975033,
          -0.7719572376705983,
          3.927936622495747,
          -0.318648427786447,
          -3.5392909391049217,
          1.713203263401893,
          2.1687303418051407,
          1.1341525336123313,
          4.585139300652879,
          -2.9314233264168057,
          -0.5329343709827843,
          4.895578155131656,
          0.24629339328625682,
          1.6403411517097395,
          -0.5483035344890138,
          0.9337976938505708,
          -3.243063377381271,
          1.8925388455373018,
          4.080393226995052,
          -1.3329192133573473,
          -0.32339225350333145,
          -3.1754139514039093,
          -2.336032478643439,
          1.296634792538625,
          -0.22501048898179238,
          -0.9629154384579733,
          2.8501104117592577,
          -1.034559790415567,
          3.3096188153925725,
          -0.807408450309684,
          -2.899854282131068,
          1.7732472981464158,
          1.026943645281276,
          -2.4432227247048677,
          -0.1350196840473344,
          -3.456326852678407,
          1.216833851531962,
          -0.2346900909146786,
          1.5197220537778398,
          -0.26983623983771543,
          0.954844530824919,
          0.1554780108942671,
          -0.41794053057583447,
          1.9309540756856158,
          -0.7186310300597807,
          -2.4179924530884485,
          0.1601550808478084,
          -0.8730787221628493,
          0.896517287486946,
          -0.3146676051597275,
          -2.2451126118595126,
          -0.6556416219883987,
          -0.9867683569679421,
          -0.0017682971260037927,
          0.9110996882166058,
          -2.1201922856820783,
          1.2557799841417987,
          -0.0009336648030810468,
          -1.234118725791241,
          0.3315743781260674,
          -0.010708493398157048,
          0.2455360106659703,
          2.0028057696740103,
          1.5016249000781765,
          -1.8856651150910557,
          2.113542960536375,
          1.0740029485084182,
          -0.8071463269797124,
          -0.3010284746052241,
          1.8382653931452997,
          3.3315270238847563,
          -1.3897619002349613,
          0.5355486110023364,
          0.26568294905837275,
          -0.5807987279809055,
          1.1364844384970558,
          1.4072143983356422,
          -0.6060472617719168,
          1.4480888333693591,
          2.924160994937374,
          -2.211970288852207,
          2.1563909332416564,
          -3.5752889875588787,
          -1.6258398311518025,
          -1.9325971055237434,
          2.7932040204865247,
          -2.9295257632312044,
          0.2799944797641736,
          1.3034459299909842,
          0.6807253151433498,
          3.6297243503699117,
          1.8235068928571987,
          1.4530163947478383,
          2.3477547349278796,
          -1.8817117136190644,
          0.6231760830606853,
          -0.3585615995402682,
          -2.580640240254401,
          -0.8025436797105934,
          -1.0873100199508037,
          -0.4373872278681493,
          -1.7822275105431045,
          -0.5088661635954441,
          2.6569693524521183,
          -2.9553527210409136,
          1.9927721144056632,
          -0.7126878797620235,
          0.8714391878831851,
          -1.0064628269215072,
          4.114253158376253,
          -1.4638962767584347,
          -2.3460949033346927,
          -3.3940412881555178,
          1.8971355763529476,
          5.411102530429688,
          0.3921016301488003,
          -1.2888824657516715,
          1.4780952300749681,
          -3.470964666468016,
          1.927771729476873,
          -1.7010594119235007,
          0.4499209544540861,
          1.7053031776221954,
          -0.5903781528812087,
          -2.5349420988180404,
          -0.8039792733545983,
          -1.158987627275225,
          3.060027735832943,
          -4.02674653387289,
          0.3256616176442281,
          -0.23850610478549966,
          2.9736992745284185,
          0.7719080538765949,
          -1.2573435056993287,
          -2.2585205031945494,
          -2.515689536845986,
          0.626449675365614,
          -0.5122959168648578,
          -2.057358418781846,
          -1.6664151448442783,
          -0.08774951851546864,
          -2.440569885886301,
          0.1136094135462713,
          -1.1359292761242403,
          -3.064085630866888,
          3.5419174746639692,
          -1.6852769251760265,
          3.1358176269493367,
          -2.5800895464772298,
          -1.3570313324188001,
          0.5857863604606736,
          0.7758124312018667,
          -1.077574627795248,
          0.7502187118217609,
          0.0629884900061626,
          0.06632958295778457,
          1.6176070264923228,
          1.6022013185078487,
          0.2686696221542069,
          1.0794962778610633,
          1.1949415105912538,
          -1.445861986603536,
          -0.5097060622919367,
          -0.01389473667536123,
          0.09341712700879246,
          -0.07224935500002341,
          2.242629004763358,
          -3.0187776596280105,
          1.3574615344090069,
          -1.5844202344456026,
          2.1942506115661837,
          1.7074134129129594,
          1.6721443014465187,
          -2.2151553740476193,
          -1.1369231530130692,
          -0.18415527403926837,
          -0.1469420787593736,
          2.1377749254413794,
          -0.4838865851818003,
          -0.8559927531880183,
          -1.555745558363487,
          1.3078287399094985,
          -5.442215476191675,
          -1.9354283451819156,
          4.468089872106626,
          -0.3533307933769912,
          -2.9223266139407276,
          -2.7593381042142773,
          1.5518102133717404,
          -1.1465801166601841,
          1.5756719399876304,
          1.9354667581366254,
          -2.3469985790159207,
          1.9401000572398341,
          3.759903929074189,
          0.6987597684910326,
          -1.2423704113750633,
          -2.401218716933711,
          -1.7875409102603594,
          1.0261769567867902,
          1.9619759240707404,
          -3.397882313915721,
          -3.193621528676796,
          0.06517787108433187,
          1.0084386935853782,
          -1.627649705057559,
          -2.5811786851093097,
          -1.255446558885185,
          0.1014336534079881,
          -4.557940221304844,
          -4.679572898729689,
          -4.000000514279109,
          -1.4108086878819137,
          0.6409529806942486,
          -1.8274397036110006,
          -4.4563530558717765,
          -2.857202809301821,
          4.94924066385023,
          3.7213416923915865,
