{
  "phase": "4",
  "demonstration_type": "comprehensive",
  "timestamp": 1752443047.6576488,
  "synthesis_results": [
    {
      "test_case": "Conceptual Embedding",
      "result_shape": [
        512
      ],
      "execution_time": 0.0028362274169921875,
      "result_sample": [
        0.02453067306364136,
        0.18369901953949935,
        1.004812714116253,
        -0.08917840295764898,
        -0.10362766629627544
      ]
    },
    {
      "test_case": "Logical Inference",
      "result_shape": [
        128
      ],
      "execution_time": 0.00011968612670898438,
      "result_sample": [
        0.07589407067649279,
        0.010406227224755827,
        -0.014714949256861669,
        -0.01875517958898026,
        0.005153798739995314
      ]
    },
    {
      "test_case": "Attention Allocation",
      "result_shape": [
        1,
        256
      ],
      "execution_time": 0.002279043197631836,
      "result_sample": [
        [
          -1.1284074980165144,
          3.640103949513928,
          4.4179413801202045,
          -0.7294492622441214,
          -0.32301125389895524,
          0.6271973318360866,
          0.09894281678517089,
          -1.4774045687938442,
          -1.483253939737463,
          -0.4271973913116369,
          2.0218890645299012,
          -1.229219469682671,
          -3.820448333990298,
          2.9207658610760703,
          0.24091747891421528,
          -0.6282063543184089,
          -0.14547908011264207,
          0.8221404667911263,
          -1.9633972164275868,
          1.6144703135817053,
          -4.1482802325575685,
          -0.7785777175336765,
          -1.376482825231296,
          -1.4517060313037073,
          0.8615707518043633,
          1.585507417728798,
          1.5741286236896699,
          3.0411332545037193,
          1.5261687479306694,
          -1.8005890947523213,
          -0.7399538535371728,
          0.5015185551695149,
          4.0352134448342065,
          0.7748581753425285,
          -1.6095323827155295,
          -0.12847544692925472,
          2.6295135071700124,
          -1.1848687480500026,
          -1.3981052203912512,
          1.2408292561297096,
          -0.51001135620168,
          -1.5194466516132121,
          2.25834124981967,
          0.029476627503340208,
          0.06650584594561915,
          -0.676944337792805,
          -0.6121921520575565,
          -0.40718636836339256,
          1.2222376718938481,
          0.153954426929057,
          0.5447965224721978,
          0.8502968731682307,
          1.7362691590589094,
          0.02031390234605035,
          1.1240974171189408,
          -2.641981554875776,
          0.2709817433422238,
          2.7586600510621313,
          2.5138211604768568,
          -1.7382276385378561,
          -1.7893052012371975,
          -1.0854216829798884,
          -4.638243073982379,
          1.1259469001030846,
          1.2512136235146567,
          -2.648582186071051,
          -0.20815001535871294,
          1.7531362227179994,
          -1.9314113897590974,
          2.59412629413151,
          3.3958759124956015,
          -1.1952190590557508,
          -3.79828317454269,
          1.363143735561302,
          -1.4755012034299082,
          0.6097045160872583,
          1.3035888995690665,
          0.028181547218910363,
          -1.170035559878873,
          -1.8037238766925348,
          0.6211597690483499,
          -0.95491341800736,
          1.553812263249242,
          -4.4485382298205955,
          -0.1937655272557343,
          -1.9881427951066637,
          -1.9135645587428824,
          -0.7838663721541929,
          1.7224122959023604,
          0.8781157389060762,
          2.07349754187262,
          1.363678897760415,
          -0.2273497836393977,
          -2.485656620730139,
          2.022717394643606,
          -1.7812324192759545,
          1.0475041925469109,
          3.536582057596471,
          -0.07036579445925698,
          0.777390135772412,
          0.01285910543987591,
          -0.6840295523455263,
          2.3464868520646243,
          -0.8516197959309987,
          3.539886759549487,
          0.8257454643835357,
          2.528668254983387,
          -0.2688103006842236,
          2.32515846389634,
          -1.2000121578109268,
          -0.9199345375985226,
          -0.5726477306416569,
          3.685796783825432,
          0.28380478506009,
          3.164617558353446,
          -3.1064938957306856,
          -1.6874275746139067,
          1.0391639554297205,
          4.130835585017212,
          2.2970041507169157,
          -0.18601863988985706,
          2.9639952424824463,
          -0.7017141619206624,
          -0.23109057300856958,
          -1.7257337770246048,
          -1.4829571129108492,
          1.9277539613313452,
          0.5619630365881361,
          -0.8089857985974659,
          4.867533788143411,
          0.8556580418711528,
          0.24646310929651627,
          2.2815397507576973,
          1.1870095512353889,
          0.9718055266061681,
          0.7017519272999204,
          -1.8912967632215976,
          -0.9936368077428879,
          0.6043775102065367,
          -1.161156343724128,
          2.1789836918089565,
          0.7289246190432095,
          6.601524098942455,
          4.092476782337485,
          0.9559188313204938,
          3.572870489674465,
          -1.1432037344185086,
          2.6816549525968685,
          -1.1270438404695986,
          0.7626050023412183,
          -2.3022813694380146,
          0.5328171933117559,
          0.171746096691827,
          -1.063089028650988,
          -0.9257949560575254,
          -1.549326822851628,
          -2.09173540022758,
          2.1624710591394014,
          -0.6787790285489508,
          1.475088793176253,
          -1.3501540404929335,
          -5.487941512056988,
          -0.9820812801786495,
          0.7694412354498166,
          -2.0026770821209743,
          -5.328342440171198,
          0.3322888204597497,
          0.2273135975693285,
          -2.6166901119256116,
          0.3345940947380043,
          2.6906851465756927,
          2.3170402312444622,
          -4.803418658874614,
          -2.0710445225659697,
          0.7469344905711103,
          -1.0179079395720505,
          2.998492451978455,
          -3.0619049999618677,
          1.2944709001054233,
          1.0657786649400538,
          -1.3163497807030922,
          1.2832368366602616,
          -0.8493307678456921,
          -0.1364943946365022,
          2.3923550746491196,
          1.2007416742087704,
          -1.2769985791489944,
          0.05774261941166561,
          2.021853957815585,
          -0.2854248378901326,
          0.1293231408242087,
          1.88839585342969,
          -2.647351639319933,
          0.8577490124042249,
          -0.5438976619616224,
          1.4106759373728146,
          -2.0445855590180075,
          0.6750988597836178,
          1.0372058657532688,
          2.9086270535917382,
          1.4240325958489017,
          3.8919344175417896,
          -2.6936905233968433,
          -1.8512591035195964,
          -0.6172447388192065,
          3.3233083695606656,
          -0.07129616008946535,
          -1.069569232119366,
          -1.0031339586314452,
          -1.0106375703745425,
          -0.2675277492019036,
          -0.951852706140146,
          2.119978192181303,
          -1.2824121415198078,
          0.808097676209153,
          -1.756693394112244,
          1.4559225114888807,
          1.7820940434906856,
          1.8982209654005284,
          2.130601000740792,
          -4.318577357922316,
          1.9925408630296508,
          1.3522663171778944,
          -2.2463544999701903,
          -1.3843573535297615,
          -0.4032473924358517,
          -4.143342116116391,
          -3.0472703533805614,
          -2.0375969690041047,
          -0.6261899511978459,
          -0.8882301760966349,
          -1.1473403352026046,
