{
  "phase": "4",
  "demonstration_type": "comprehensive",
  "timestamp": 1752441809.870592,
  "synthesis_results": [
    {
      "test_case": "Conceptual Embedding",
      "result_shape": [
        512
      ],
      "execution_time": 0.0004315376281738281,
      "result_sample": [
        -0.1801452412855729,
        -0.46135265049601404,
        0.3722590033905622,
        0.08221720192304788,
        0.43410761442411755
      ]
    },
    {
      "test_case": "Logical Inference",
      "result_shape": [
        128
      ],
      "execution_time": 8.20159912109375e-05,
      "result_sample": [
        -0.04687160458982924,
        0.018416011666861274,
        0.004091826115463797,
        -0.038495619535266805,
        0.3282136879881744
      ]
    },
    {
      "test_case": "Attention Allocation",
      "result_shape": [
        1,
        256
      ],
      "execution_time": 0.00042939186096191406,
      "result_sample": [
        [
          -1.356853442997399,
          0.4845039526115115,
          -1.532032519820338,
          2.0259592406772646,
          3.2330336382550917,
          0.797761475498953,
          1.2144691128164449,
          -2.3438046565516704,
          -1.0527426585481758,
          -3.4002349971089183,
          0.15391286982223637,
          0.3623502795292786,
          -0.8042591746613756,
          2.3702317796333547,
          -0.9242702639556468,
          -0.9903086612547582,
          -0.06631206045940546,
          -0.6540152723304528,
          4.056610102078951,
          -2.3330765241722826,
          -2.350443066239427,
          -1.1605022702095893,
          -0.07828584511666992,
          -1.1769566337970638,
          -0.601114854154187,
          -2.9075583935346403,
          -0.4385357868342658,
          1.563052196079707,
          0.6952340696454229,
          0.5478955092050812,
          2.5253167012032374,
          1.2552963060136988,
          3.276745559727302,
          -0.16873049771114138,
          -1.1301883796975984,
          -2.2016221160694602,
          1.1008584853101562,
          3.698244256237579,
          2.8462012606731153,
          -0.6927744869917136,
          1.8517293765823521,
          1.926973445887008,
          -0.537623776116289,
          -3.5479007706708114,
          2.6856487990371893,
          -1.2720972381677302,
          4.0813541512294425,
          -0.9477685294929616,
          -0.7325992674727121,
          0.5669167915374979,
          -0.8548923612923187,
          3.697674952337392,
          -0.08857392396291389,
          1.6193333426872505,
          -2.8981441636830763,
          1.9497523108693513,
          -3.7990820809085304,
          1.7721552022874612,
          -1.3986177509474493,
          -1.7099358112119667,
          -4.048988568273771,
          3.825877596769258,
          -3.8816932749317887,
          -0.6937880666000136,
          -0.0013146015630822808,
          -0.6668775824027832,
          -1.8970718617610298,
          0.8716535466508184,
          0.6425507692508854,
          0.7647153546352033,
          0.3569370490777374,
          -2.503530577426279,
          0.2901388530094162,
          2.386753590753807,
          -0.8043676844337146,
          -1.993815201899011,
          1.4537347493302792,
          1.6852998374414907,
          1.7314707535277722,
          0.7529342053573894,
          0.6999098533684884,
          -1.7513321038859393,
          -0.6503778841971726,
          1.8822699023827258,
          -0.9608970295407816,
          -0.4215679781303269,
          0.8344478199824795,
          1.4958154760358922,
          -3.8432208568486064,
          -0.8665097352199763,
          2.5112904320869474,
          -2.070274801998897,
          -0.19634853262509322,
          2.0129899750967732,
          2.7993019794303082,
          -3.2050682504099486,
          2.845441592403718,
          1.3885348003162319,
          1.2056863826261082,
          0.1604306735062711,
          -2.2647756204178306,
          -3.8839312470115805,
          2.2841206009058963,
          -0.18973548781387034,
          0.5500948799386327,
          -1.0033717192064016,
          -0.0012684887301399606,
          0.5932897176244165,
          1.7568841264288984,
          1.0185826542902017,
          0.34529287159967953,
          0.9855144050354561,
          -2.2809679126083147,
          0.7756117962205106,
          0.575816212517821,
          3.3180296554937843,
          -2.244379364473272,
          0.5564096704702242,
          2.109288462185142,
          -0.6258174548226463,
          0.39940225318068945,
          -1.3915503148888102,
          -2.27538001666079,
          -0.2981398636512514,
          0.040298406768739026,
          -3.088382954705627,
          0.7875114727760796,
          1.5214350909785455,
          0.7603576474122155,
          -1.3681603851321396,
          -2.2693285867461466,
          -1.1864880736601766,
          3.230861456510286,
          0.18736450462308815,
          -0.3732345686710595,
          -0.5860189678865648,
          -0.039097517522639375,
          -5.460488648695554,
          -0.16293294430957622,
          2.758903517216651,
          3.082615195293553,
          5.812115121481514,
          -1.913384727738722,
          -0.9261151599196624,
          3.483790322691999,
          -0.7102286529118201,
          -4.831644357481183,
          0.7317468562485914,
          2.634131791466348,
          1.1340069490619988,
          2.7031920235345517,
          -0.5149119215870103,
          -0.0167120432348751,
          -1.8294248172674907,
          -0.9714380459980285,
          -3.182700529848876,
          -2.581872678682019,
          0.6242473784259155,
          1.5735735546391296,
          0.38763563080856933,
          2.4626291247042325,
          0.1787538906372419,
          -0.559977392320097,
          -5.610405794748269,
          0.7680702235407536,
          -3.593377547508032,
          -2.056957591098408,
          -0.8454998333030133,
          1.7225715040741871,
          -0.8802264248162098,
          2.885537768881996,
          0.8082950302126886,
          3.8490684018431165,
          -4.680404620795583,
          -2.3379566228548545,
          -0.09052751435974776,
          0.7284525923989493,
          -1.57302563668489,
          -1.2288134316798196,
          -2.607814104542633,
          -3.3541879865408664,
          -2.8678272988599933,
          -4.498707999865661,
          -0.3744189560957999,
          1.5063476408126992,
          1.056836221764776,
          -0.7786977458495823,
          -1.6072387133872872,
          -0.12481893190508128,
          3.5175881859172895,
          -4.806985025084263,
          -0.08950761349192635,
          0.609798624451307,
          0.6176301624120617,
          1.509536909323903,
          1.4858365628770198,
          -1.7117030744679944,
          1.3434034363747582,
          -2.0883831746667325,
          -0.5452773159329243,
          -1.5312860138480227,
          -2.777881736445611,
          2.163617425928865,
          0.4403709665285298,
          -0.03101079057995207,
          -0.6791470515768816,
          2.8357181641842772,
          -3.059665669824149,
          -2.713204759677586,
          0.9471921286026445,
          2.9519247250272485,
          0.8920284849884006,
          0.8203512476858479,
          0.9053975000979044,
          -2.098018707293577,
          -4.187306890382544,
          -2.4267940523725673,
          0.32262284359525295,
          -1.464512128267721,
          4.248754572356414,
          -0.15266289564105529,
          -2.288430425946756,
          1.594654815122992,
          -0.8791834214835235,
          -2.182901957705663,
          1.7907694468969257,
          -4.579336603988761,
          -0.6100246145764368,
          -1.3494384716098307,
          -3.9102692783519024,
          -2.2638994024858348,
